CollectionLTR,FAT,SNF, Amount
2629.8,4.6,8.43,63837.415
16760,3.75,8.47,381414.86
454.6,4.05,8.26,8992.48
1062.4,4.6,8.62,24532.167
95.9,7.32,8.97,3447.036
1416,3.99,8.36,28864.195
17306.4,4.83,8.42,474601.041
4259.9,3.43,8.3,88697.04
2271.1,3.72,7.61,43820.745
18923.9,5.6,8.8,579014.168
14366.5,6.28,8.75,511777.096
6469.1,3.75,8.43,139083.16
3139.5,3.53,8.16,59773.81
395,3.65,8.3,8599.23
49.6,6.39,9,1772.714
10484.2,3.83,8.34,230181.625
491.2,3.62,8.45,11103.235
2594.6,3.73,8.43,53948.095
18210.5,3.59,8.44,398574.4
4036.2,3.3,8.3,79860.035
5872.9,3.51,8.23,115099.405
1014.6,4.23,8.26,20383.775
6724.5,3.93,8.33,147888.39
5485.6,3.67,8.35,116525.83
1883.2,4.04,8.34,40079.665
5548.6,3.74,8.59,130196.835
4050.4,3.49,8.35,84452.7
67.1,6.65,9,2517.167
986.3,3.6,8.4,21191.565
258.8,3.5,8.43,5552.97
141.7,8.36,8.5,6046.215
176.9,3.44,8.68,3527.225
26982.5,3.6,8.32,583923.96
685.4,3.93,8.71,16107.605
1765.4,3.88,8.43,37611.215
756.7,6.75,9.01,25543.696
6983.3,3.74,8.48,157532.84
5.7,3.5,8.07,117.99
1255,4.1,8.29,26073.98
3336.8,3.89,8.44,77607.9
7021,3.66,8.42,151032.32
1406.9,5.83,8.53,45162.833
32651.4,3.69,8.47,753188.642
28503.6,3.68,8.41,650771.07
690.7,3.71,8.41,13565.172
83.4,3.83,8.53,2048.584
8126,3.61,8.6,182622.075
753.9,3.65,8.21,14564.265
8620.6,3.47,8.35,184175.47
18802.1,6.04,8.97,636436.386
1090.7,5.96,8.85,35230.985
925.7,6.11,8.96,29461.179
18652.6,5.2,8.64,534009.462
607.7,6.25,8.98,20349.71
1628.4,3.62,7.66,27503.25
2674.5,3.52,8.11,49436.397
12181.9,6.25,8.96,438165.606
3429.9,5.82,8.39,99559.864
472.9,4.21,8.53,11031.42
10626.4,3.75,8.49,242298.505
905.3,4.09,8.28,20432.54
87.6,5.11,8.44,2068.27
197.3,3.42,8.35,3910.15
736.5,3.7,8.38,16277.581
9.1,5.8,8.5,280.735
759.1,5.55,8.42,20486.394
60.9,2.92,8.37,1100.445
4112.4,3.53,7.98,73587.85
937.8,6.24,8.59,28665.044
675.6,5.48,8.52,18040.574
274.2,5.86,8.76,8436.107
1080.2,6.27,9.06,34745.037
112.6,3.21,8.35,2060.125
45.7,3.71,8,906.13
32753.6,4.36,8.53,840008.175
1458.6,4.16,8.19,29689
240.3,6.39,8.75,8382.302
935,4.03,8.38,19987.15
2080.5,4.12,8.42,51849.166
1795.7,3.62,8.35,35631.25
11106.6,3.38,8.28,233488.82
1338.1,6.19,8.59,43287.596
1336.9,3.7,8.42,28833.22
605.7,5.27,8.73,15001.53
849.9,6.57,9.25,29598.336
16102.6,3.71,8.38,351265.9
3285,3.28,7.98,54785.29
9,3.84,8.5,221.17
673.4,3.66,8.29,13117.34
12273.5,3.43,8.36,261048.775
2937.5,4.15,8.48,68513.75
13753.6,4.09,8.52,339194.635
498.1,6.47,8.99,18132.184
310.2,4.9,8.6,7886.308
4.4,3.75,7.75,86.25
7950.7,4.37,8.44,180086.29
1743.7,4,8.46,39258.74
3078,6.22,8.69,104130.459
906.7,5.65,8.8,27779.723
8277.8,3.58,8.41,176241
2303.5,3.77,8.39,48637.53
2589.4,3.44,8.34,52046.855
2100.1,3.44,8.29,41864.11
1102.5,5.03,8.41,29919.89
1477.8,8.69,8.94,70537.432
780.6,5.93,9.01,24462.24
4090.1,3.68,8.57,91182.71
8225.5,3.76,8.44,176753.42
48928.9,3.59,8.3,1061813.015
1140.2,3.37,8.08,20071.92
2526.4,4.41,8.44,57849.714
240.4,2.97,7.83,3013.06
993.1,4.06,8.74,22768.95
1032.1,5.64,8.83,29458.084
27,3.31,7.66,473.43
1126.9,5.78,9.06,31543.729
10.8,6.91,8.92,433.92
1375.7,3.93,8.34,28464.37
7693.1,3.6,8.41,171599.88
690.1,3.34,8.76,13235.165
8625.5,3.46,8.35,183319.97
1185.5,3.25,8.11,20277.27
3492.5,3.41,8.27,68740.395
126.8,4.64,8.28,2815.86
635.3,6.51,9.19,19625.119
1108.3,3.6,8.37,24140.334
3235.4,4.02,8.01,63675.305
4219.1,4.93,8.65,115383.998
32.2,3.48,8.5,763.7
10460.3,3.66,8.41,229283.61
12990.1,3.6,8.3,278539.965
2177.3,7.25,8.99,86679.067
6778.2,3.69,8.34,140864.84
3774.2,3.69,8.32,77706.165
2025,3.45,8.23,40058.2
3608.1,3.52,8.14,74361.185
7610.3,4.06,8.48,178160.352
1225.1,3.98,8.84,29384.695
2646.9,3.69,8.31,51938.47
10285.6,3.57,8.36,218714.59
78,6.77,8.92,2971.018
2213,4.05,8.65,51144.05
1800.2,3.67,8.18,35988.68
7874.4,3.31,8.62,170910.885
828.2,3.68,8.52,16641.68
72.5,4.25,8.46,1723.674
774,5.38,8.95,20216.533
7902,3.61,8.3,167170.46
78.8,7.33,8.35,3118.212
1988.1,4.12,8.13,38246.816
2216.3,3.67,8.47,50967.135
18.2,3.51,8.25,358.98
6828.3,3.75,8.49,156878.25
100.3,5.44,8.68,2059.545
112.3,7.51,8.77,4711.767
6803.6,4.66,8.64,179563.082
4177.4,3.55,8.4,92768.527
1722.3,3.96,8.35,37647.78
417.4,3.27,8.29,6903.2
6203.7,4.32,8.19,149732.487
29137.9,4.93,8.65,803757.87
1334.7,3.53,8.18,28133.3
8927.6,6.11,8.84,296871.572
2821.4,4.57,8.3,63445.07
936,4.11,8.78,22319.08
12117.3,3.62,8.27,263758.96
3449.9,3.43,8.37,65397.52
5252.1,6.3,8.82,177178.359
1919.5,6.31,8.89,67010.346
13484.6,4.03,8.49,315505.122
6078,3.94,8.65,133403.855
849.1,3.99,8.61,19865.01
225.6,5.55,8.7,6609.221
6.5,5.1,8.3,153.4
316.7,3.5,8.27,6707.2
123.9,8.27,9,5708.391
150.6,6.25,8.62,4989.263
187,8.01,8.85,8363.751
8306.2,3.45,8.26,178735.76
3750,6.78,8.91,138004.206
10239.1,4.15,8.54,240947.225
3838.2,3.87,8.35,80072.764
833.8,4.94,8.32,19367.056
117,3,8.82,2080
4491.3,3.89,8.14,88366.49
4775.3,4.03,8.53,111580.709
283.9,3.22,8.2,5137.67
4914.7,4.48,8.5,117702.57
1614.6,5.97,8.81,50750.764
534.7,3.72,8.24,11536.72
300.4,7,8.92,11708.277
211.9,6.6,8.99,7862.356
1895,5.78,8.76,59760.578
743.4,4.2,8.49,16980.081
3879,3.33,8.23,76449.815
5547.6,3.62,8.47,117611.23
3440,3.65,8.39,72825.7
241.5,3.75,7.79,5111.32
2614.9,3.25,8.62,53837.275
1005.5,4.39,8.47,23351.535
5158.2,3.53,8.37,115804.57
442.7,4.08,8.81,9880.255
6285,3.98,8.36,146042.206
1089.6,4.84,8.42,26273.407
230.4,6.39,9,7451.175
4042.5,6.88,8.87,145991.568
23.6,7.34,8.92,1000.47
19318.5,3.7,8.47,446446.325
9316.1,5.94,8.89,306393.406
16091,3.71,8.42,346948.12
649.6,6.9,8.89,23184.655
15619.9,3.54,8.39,346130.75
5872,3.96,8.5,132002.985
247.1,4.31,8.42,5097.14
1301,4.38,8.55,29902.233
1141.6,8.36,8.88,52429.839
2682.9,5.3,8.62,76595.127
23537.6,4.39,8.54,593370.851
5449,3.77,8.35,117923.235
1270.9,3.24,8.04,21913.57
3552.1,3.43,8.48,71891.685
2799.9,4.24,8.48,67421.681
4.7,3.32,8.27,98.23
7434.8,3.56,8.21,148925.525
717.8,3.78,8.3,14376.17
478.3,3.82,8.45,11426.197
163.2,8.25,8.99,7263.61
3162.9,3.51,8.27,64218.78
96,3.5,8.45,2135.02
6501.6,4.72,8.62,172404.022
456.7,6.23,8.98,15591.831
6021.2,3.88,8.52,132648.195
29986.6,3.61,8.36,644747.48
555.2,4.41,8.4,12232.89
7381,4.08,8.73,168112.483
1787.6,4.51,8.66,41964.84
28459.8,5.24,8.69,887236.834
3.9,4,8,78
13927.6,3.62,8.41,311397.04
15197.9,3.59,8.4,331487.93
8825.3,3.92,8.46,198538.825
1123.2,4.38,8.77,24490.135
9451,6.42,8.9,327501.183
3567.9,3.73,8.44,78731.245
195.5,6.34,8.98,6927.125
7.4,7.61,9,337.68
3314.3,4.56,8.54,86993.282
1609.9,3.65,8.3,31885.48
12221.9,3.49,8.16,251932.665
1607.3,3.55,8.27,32378.33
224,4.05,7.97,4825.2
1875.8,4.09,8.57,41069.222
15.5,2.95,8.23,228.04
1401.6,3.53,8.19,26231.9
3105.1,4.12,8.54,67645.819
485.1,7.29,8.93,18345.236
1316,3.5,8.21,27749.76
5716.6,4.04,8.56,130241.96
2093.6,3.83,8.59,50571.94
3290.8,3.44,8.31,65338.81
4008.9,3.95,8.53,97288.816
3059.9,3.57,8.28,60475.85
13172.3,4.16,8.49,300634.325
5217.8,3.7,8.47,116759.932
2131.5,3.94,8.4,46956.861
909.4,3.78,8.47,20814.74
1081.6,3.29,8.37,18357.02
2,3.5,7.7,37.2
8764,3.98,8.56,199720.19
103.8,3.73,8.38,2471.82
1380,4.07,8.47,30243.02
1904.4,3.41,8.22,33581.72
8370,3.57,8.34,175989.44
809.7,3.96,8.5,18184.565
1447.4,4.02,8.53,33447.685
412,4.07,8.15,8691.92
2414.6,4.56,8.2,52554.755
1137.3,4.08,8.69,25323.415
10176.3,3.43,8.29,211262.68
2052,5.8,8.41,64351.313
2795.5,6.14,8.51,86782.578
721.2,3.08,8.3,11443
11699.7,6.19,8.88,394938.07
4490.7,3.82,8.24,98167.81
538,3.86,8.51,12725.383
13045.3,3.58,8.5,280374.49
14634.6,6.79,8.99,542442.238
825,4.44,8.48,20498.73
2247.9,3.41,8.23,43660.35
10350.1,3.15,8.01,178057.72
66.1,6.82,8.32,2453.26
3177.3,4.24,8.28,67038.06
552.1,3.3,7.99,9528.68
434,3.28,8.24,8191.63
6257.7,3.65,8.38,128370.305
680.2,3.6,8.4,12897.995
481.4,6.06,8.81,15047.023
913.8,3.45,7.98,15155.22
166.6,6.78,8.8,5302.366
828.5,5.47,8.78,23169.279
499.6,4.13,8.08,10544.33
2067.4,3.59,8.47,45760.455
2896.5,3.98,8.4,62556.873
2340.5,4.43,8.27,51167.84
6287.4,3.73,8.31,134597.81
145.6,4.53,8.55,3291.495
3171.3,3.41,8.21,59407.32
897.7,7.68,9.19,36546.949
5088.8,5.35,8.61,140017.628
328.6,5.11,8.75,9203.693
4081.8,3.97,8.23,84183.507
868.5,3.79,8.3,18228.62
2618.7,3.85,8.41,57642.839
3246.3,3.57,8.35,68485.555
1635.1,3.6,8.31,36016.605
3176.6,3.74,8.37,70918.87
48189.3,3.63,8.52,1090353.22
1840.9,6.09,8.48,57804.597
164.8,4.21,8.36,4220.05
3495.5,3.23,8.11,66390.81
2489.3,5.16,8.55,59821.237
3545.7,4.32,8.36,79835.21
3201.7,5.11,8.68,91694.483
5888.6,3.13,7.85,93231.97
3261.5,3.95,8.4,73023.55
11542.9,5.99,8.93,383364.346
6695.3,3.69,8.4,148697.265
217.3,3.77,8.29,4357.545
872.7,5.93,8.84,27954.18
3007.6,4.86,8.58,79314.001
13008.6,4.2,8.57,317414.247
1218.1,4.25,8.71,27763.263
1445.3,4.05,8.17,30779.583
5358.6,4.15,8.47,124472.461
882.7,7.15,8.97,33054.876
4472,4.62,8.34,102553.845
18053.4,5.68,8.8,574441.702
11806.5,3.29,8.34,229196.325
9132.6,3.99,8.5,201628.088
6297.2,3.77,8.12,129653.88
392.4,2.84,8.61,4779.12
12596.5,3.69,8.15,266758.825
7439,3.8,8.48,164574.025
67918.5,3.98,8.37,1568600.765
111.3,6.36,8.79,3874.758
657.5,3.39,8.11,12000.02
3607.4,4.3,8.53,81114.435
3333.5,4.49,8.44,72728.105
3641.3,4.67,8.43,90911.692
919,3.16,8.03,16405.585
43,8.62,8.95,2077.21
8631.9,3.49,8.44,185519.347
73.4,3.37,8.3,1398.68
2977.2,3.98,8.34,67214.215
4618.6,4.47,8.75,114475.758
13699.2,6.32,9.04,499981.37
18,3.47,8.14,331.64
1106.5,4,8.3,22723.305
20933.2,4.07,8.57,486608.45
532.7,6.46,8.94,17874.431
60.7,3.76,8.61,1526.79
4017.7,4.35,8.63,94907.213
1524.2,2.87,7.88,22219.33
106.8,6,9.37,3326.125
1352.8,4.86,8.54,34484.837
7805,3.67,8.4,165892.38
7.3,3.77,8.57,184.69
147,4.2,8.52,3630.138
1043.5,4.79,8.96,26789.481
319.5,4.63,8.59,8377.071
1194.9,4.11,8.59,27506.047
651.7,3.9,8.45,15310.217
25.5,8.07,9,1184.22
373.2,7.08,8.46,12965.394
9516.3,3.89,8.24,199911.211
138.9,6.81,8.99,5387.918
845.6,6.32,8.91,28720.889
646.1,8.33,8.99,30310.313
385.3,4.02,8.32,8280.47
2275.2,3.75,8.31,48087.43
52.6,3.36,7.59,924.88
8332.9,3.62,8.53,191977.945
14429.5,3.48,8.45,310838.795
3008.7,4.65,8.59,79940.459
1561.4,3.72,8.44,30453.08
104.7,5.29,8.87,2923.538
3149,6.42,8.75,110253.869
158.9,7.41,8.89,6045.238
23.7,3.63,8.5,575.59
7487.4,3.6,8.41,164901.56
1105,6.57,8.83,38277.073
9955.3,4.76,8.34,249885.727
390.5,4.93,8.41,8967.073
166.5,3.87,8.62,4084.52
81220.4,3.67,8.46,1818656.82
1713.1,3.48,8.33,33420.212
820.9,3.81,8.43,18486.739
10910.7,3.72,8.25,228442.05
1539.8,3.86,8.49,34051.01
102.7,5.81,8.53,3170.838
8.2,5,8.5,180.4
9609.4,3.78,8.32,198821.625
1423.7,6.18,8.94,46457.208
28.5,3.45,8.08,564.32
646.4,4.45,8.61,14067.99
4609.9,4.16,8.41,101383.815
19696.7,3.71,8.44,448051.36
5116.9,3.64,8.39,104854.14
1219.2,3.36,8.41,25578.64
1455.9,4.13,8.68,33454.17
788.9,3.36,8.52,16074.95
10372.3,3.95,8.32,235533.943
3869.9,3.56,8.05,74306.85
19585.6,4.19,8.6,468248.895
2209.9,3.63,8.22,43836.21
7237,4.34,8.54,169208.015
63,7.75,9,2713.423
9062.7,3.69,8.38,189615.815
2945.5,3.61,8.46,66155.015
4877.8,3.58,8.4,105494.81
626.3,3.89,8.09,11659.02
19.3,3.6,8.52,483.2
1436.2,7.27,9.04,55282.855
6295,3.53,8.16,130126.13
875.4,3.43,8.21,17291.52
395.5,6.54,8.52,14016.862
236,5.02,8.99,6039.337
273.2,8.36,8.69,12560.656
189.3,3.7,8.48,4096.415
78.2,3.56,8.74,1617.24
187.3,5.68,8.88,5779.37
1062.4,3.54,8.16,19616.1
444.1,3.06,7.89,7124.58
2204.3,4.47,8.57,53741.487
185.1,6.6,9,6742.115
2319.9,5.19,8.72,64848.779
175.9,6.18,8.96,5947.062
20.3,5.6,8.84,609.642
263.6,8,8.57,10980.211
8372.1,4.91,8.63,225618.862
12267.1,4.93,8.63,327242.233
78,2.7,8.04,1119.76
285.2,3.06,8.05,4319.17
122.8,3.91,8.23,2355.32
18.9,3.92,8.28,358.42
75.1,3.36,8.72,1322.625
436.7,3.33,7.98,7737.2
217,3.6,8.21,3803.22
175,4.73,8.7,3907.82
979.9,6.19,8.98,31481.367
199.8,3.68,8.33,3884.951
676.2,3.88,8.31,13757.85
356.3,3.56,7.75,5405.35
854.2,3.77,8.2,17567.48
4611.1,4.19,8.57,110151.43
210.4,4.16,8.53,4879.15
1238.1,5.46,8.83,32151.043
830.6,6.58,9.04,28518.097
160.4,7.77,8.73,6226.349
278.2,4.26,8.24,5832.97
1198.6,4.57,8.55,28745.53
1920.4,3.73,8.44,42960.28
1300.9,3.54,8.42,29058.35
6991.4,3.94,8.4,155775.42
8945.3,3.65,8.34,189990.005
147.1,3.33,8.09,2394.17
819.1,8.72,9.2,34907.826
1408,4.79,8.45,33648.232
256.1,6.47,8.83,8642.291
1,3.1,8,17.5
9050.7,3.4,8.28,184896.11
151.3,6.31,8.81,5179.455
240.1,8.7,8.95,11671.536
1107.1,6.56,8.83,38246.977
241.6,6.03,8.93,8129.773
2589.3,4.39,7.97,52097.02
32.8,3.34,8.41,662.99
48.6,5.61,8.78,1437.455
360.8,3.41,8.12,6781.02
7.1,4.61,8.06,154.94
3147.9,4.05,8.24,69017.955
1242.1,6.46,8.96,43306.544
2487.2,5.41,8.5,66099.856
6442.2,3.42,8.28,131053.705
46.5,4.15,8.09,956.44
195.1,7,9.01,6795.109
475,3.61,8.28,9025.165
848.9,3.39,7.99,13779.12
923.5,5.25,8.61,25085.897
162.1,4.88,8.41,3586.18
427.1,6.01,8.46,12403.72
3560.1,3.92,8.22,76506.595
329.9,7.29,8.82,11994.217
8178,3.54,8.31,174661.235
31.7,5.39,9.07,745.257
5592.1,3.35,8.37,124598.79
143.3,3.94,8.48,3359.79
1581.5,4.55,8.61,40229.354
247.8,6.83,8.75,8330.673
40.3,5.57,8.57,1191.316
1513.7,3.97,8.51,35107.798
101.6,6.12,8.98,3594.71
5,3.5,8.5,102.5
485.8,3.58,8.14,9369.02
449.1,7.14,8.71,18052.59
468.1,5.3,8.74,14140.781
1705.4,3.57,8.26,33230.64
7936.3,3.64,8.49,177134.48
944.5,7.47,8.97,39685.502
858,3.88,8.51,19109.56
936.6,6.95,8.77,33796.282
94.4,3.87,8.49,2043.73
224.6,5.03,8.71,5826.469
77.3,3.51,8.37,1549.48
510.6,6.57,8.86,17637.411
10376.6,3.92,8.52,243430.93
856.5,2.96,8.17,12709.14
118.4,4.28,8.35,2790.16
4070.9,3.44,8.3,88003.6
941.3,7.22,9.09,35210.478
622.4,3.54,8.27,11565.49
844.8,4.71,8.77,21036.835
6378.6,3.51,8.46,144632.15
45.9,5.59,8.38,1226.296
558.2,3.94,8.24,11621.03
23.7,3.61,8.13,445.87
4256.9,3.77,8.46,100376.42
466.3,3.16,8.07,7562.03
644.4,4.4,8.46,15253.74
133.3,4.5,8.41,2933.48
131.7,3.52,8.64,3238.66
1526.7,3.47,8.38,32055.85
2979.6,3.65,8.44,69403.8
510.8,3.81,8.35,11262.15
1184.6,3.6,8.51,25491.53
576.5,3.79,8.47,13390.81
70.3,3.43,8.21,1237.02
373.1,3.69,8.43,7919.2
163.1,3.64,8.48,3370.97
1321.7,3.29,8.64,28936.11
1586.5,5.93,8.75,48384.132
1271.4,5.53,8.59,37060.286
515.9,7.48,8.86,21193.741
11.3,6.48,8.89,406.36
2199.5,3.67,8.21,46107.22
18.1,4.24,8.44,420.598
251.2,3.69,8.01,4774.34
4245.1,3.27,8.3,91116.38
729,8.01,8.96,31927.666
3519.1,3.71,8.37,71949.768
180.3,5.69,8.54,5259.322
530.3,3.72,8,10275.45
65.5,4.03,8.03,1352.67
896.3,5.62,8.83,26703.502
4032.1,3.48,8.29,85218.545
290.5,6.37,8.96,10286.28
226.9,3.67,8.44,4896.19
157.6,7.31,8.95,6427.055
5730.6,4.5,8.54,140611.015
93.4,5.97,8.79,2983.871
1823.5,3.55,8.45,40641.595
148.8,4.43,7.89,3050.22
268.7,3.95,8.7,5749.63
12868.4,3.63,8.47,286357.32
509.8,3.83,8.42,9413.481
376,2.78,7.74,5559.81
385.2,3.24,8.24,6287.555
162,3.86,8.23,3123.17
392.5,3.27,7.69,5994.38
1100.2,3.41,8.53,21283.485
2325.2,5.21,8.51,55690.42
383.5,7.47,9.17,14843.021
290.2,3.42,8.22,5735.044
512.3,5.6,8.94,13989.725
681.9,7.38,9.29,25389.057
1804.2,3.58,8.32,36311.835
1111.5,3.84,8.28,21959.08
505.5,6.89,8.56,17116.017
7.1,3.78,8.57,178.64
2299.9,4.04,8.39,49260.82
7.1,3.8,8.57,179.06
763.2,5.44,9.06,20661.147
19,3.79,8.41,409.3
1177.5,3.61,8.42,26193.82
1154.3,5.07,8.67,27980.555
15733,4.2,8.5,380109.642
52352.2,3.51,8.54,1177697.83
27215.4,3.61,8.46,621782.46
1399.3,3.46,8.35,29073.078
255.9,7.32,9.21,9770.366
497.5,6.67,8.96,18178.422
47.2,8.5,9.2,2015.144
158.8,7.59,8.98,6721.77
993.7,5.99,8.78,32311.824
29.7,7.77,8.63,1321.38
174.6,6.41,8.48,5993.23
559.9,4.1,8.11,11160.394
3165.7,3.91,8.33,70876.351
1097.4,7.6,8.94,45127.122
155,3.49,8.15,3056.32
167.9,7,8.99,6733.441
2485.6,4.27,8.12,52133.794
128,5.68,8.89,3977.015
124.3,6.15,8.99,4201.389
864,3.85,8.45,19334.8
33.1,4,8.37,698.42
374,4.56,8.53,8634.15
19.7,3.39,8.41,385.58
154.5,6.64,8.1,4974.41
474.5,2.82,8.15,6953
19.9,4.33,8.26,394.12
87.8,4.2,8.63,1829.81
552.6,4.68,8.31,11113.96
5527,3.94,8.41,120617.08
53.9,4.72,8.38,1116.835
107.4,3.9,8.09,1981.54
10156.3,4.52,8.34,253665.196
124.7,6.59,8.44,4114.25
22605.7,3.98,8.49,528385.487
7321.9,3.55,8.17,148617.165
3470.4,4.24,8.67,79266.1
2190.8,3.69,8.59,48464.405
30137.9,3.77,8.43,679009.635
701.3,6.53,8.97,25172.437
22984.1,5.67,8.84,724730.076
1841.3,3.47,8.32,38861.17
18026.9,3.46,8.38,376798.755
5625.3,4.48,8.6,140476.584
1132.7,3.92,8.48,26631.06
196.8,6.45,8.91,6749.335
266.1,4.92,8.46,6888.217
210,5.32,8.52,5773.344
20.1,3.55,8.94,406.505
10520,4.01,8.56,244548.428
1593.6,3.77,8.34,34449.44
1517.6,6.05,8.89,49934.67
13474,5.93,8.9,427991.22
706.7,5.66,8.84,19963.645
14149.4,3.8,8.5,321097.62
61.9,8.95,8.98,3236.803
722.6,4.15,8.23,14182.072
2703.9,3.87,8.42,58750.95
27671.6,4.97,8.65,766533.263
1022.7,3.52,8.33,21933.56
3267.2,3.83,8.38,66215.005
1757,3.93,8.3,36903.3
2783,4.13,8.49,60525.127
59.8,3.33,8.5,1174.39
264,3.99,8.25,5666.31
641.6,3.55,8.43,14084.02
1486.4,3.57,8.14,27934.643
254.6,4.66,8.19,6255.815
5596.1,3.76,8.3,117378.115
1706.2,3.12,8.17,29851.945
31.2,6.14,7.96,895.265
2443.7,3.29,8.27,48434.065
52.3,6.21,8.93,1846.082
175.7,6.64,8.91,6551.941
4749.7,5.09,8.77,127835.043
4316.1,3.58,8.43,96949.49
1416,6.69,8.88,49974.24
3.4,4.4,8.5,77.52
1024.4,6.84,8.8,36735.6
437.1,8.31,8.88,20125.208
83.1,5.84,8.73,2307.097
123.5,6.99,8.88,4016.786
55.2,3.5,8.29,1136.48
8553.1,3.45,8.12,171098.09
346.9,3.34,8.33,6674.74
131.3,3.37,7.53,2411.59
211.4,3.35,8.13,3960.84
613.3,5.08,8.64,15160.685
9393.7,3.68,8.41,212331.92
544.5,6.16,8.81,17487.649
4959.2,3.47,8.36,103815.488
170.5,7.58,8.97,6824.055
161.2,4.62,8.67,4040.635
601.6,5.25,8.38,14056.275
8755.4,3.54,8.36,187971.035
4742.4,3.78,8.41,103946.885
255.8,3.41,7.84,4228.09
932.8,3.09,8.27,15462.42
283.6,4.94,8.61,7756.29
8927.6,4.74,8.59,225511.065
2510.8,4.24,8.45,58939.82
725.7,3.6,8.26,13648.19
177.8,3.28,8.03,2816.91
26.1,3.49,8.03,411.42
630.5,4.73,8.48,15421.568
15.8,6.39,8.67,463.518
87,3.48,8.47,1984.08
37.1,5.46,8.94,1047.72
49.6,7.97,8.92,1987.807
492.5,3.48,8.35,9420.6
36.4,4.84,8.4,730.74
8,4,8.5,0
3909.4,3.6,8.32,86050.5
154.1,6.86,9.16,5360.043
1333.4,3.48,8.34,28500.16
906,4.06,8.43,20164.35
13.2,4.05,8.46,312.19
60.4,4.33,8.58,1452.31
436.8,3.32,8.33,9303
657.9,4.1,8.82,15682.06
689.6,3.55,8.35,14611.94
196.9,4.33,8.46,4220.03
4.2,3.24,8.78,91.08
1047.1,3.64,8.48,22488.3
340.2,3.46,8.32,7565.17
37.5,5.27,8.44,933.74
410.3,3.46,8.87,9919
3004.6,3.51,8.35,60333.63
157.8,7.56,8.91,6720.29
921.7,3.47,8.22,18609.95
224.6,6.52,8.95,8097.982
4102.2,3.62,8.36,84732.42
815.8,5.89,8.74,27068.434
85.8,6.03,8.97,2843.899
110.2,5.37,8.97,3087.453
80.8,3.33,8.25,1527.27
807.9,5.88,8.04,21501.563
804.8,3.03,8,12285.28
146.6,8.83,8.96,6959.675
10.7,3.83,8.09,207.39
1696.8,3.57,8.33,34366.4
35.5,2.9,7.85,510.88
743.7,3.26,7.72,10736.56
688.2,3.62,8.41,13391.408
3.1,2.95,7.88,44.72
118,4.47,8.29,2448.704
56.1,4.25,8.32,1105.06
758.5,3.86,8.37,15269.895
8.7,6.51,8.92,300.62
3.7,3.5,8.5,72.15
129.1,4.02,8.34,2489.13
1983.6,4.04,8.18,37824.06
485.9,3.68,8.36,9768.94
1545.9,4.12,8.55,36919.735
677.5,3.43,8.41,14852.66
1585.8,3.72,8.24,31077.06
193.1,3.44,8.33,4032.79
3736.1,3.7,8.67,89624.91
1427.6,3.45,8.36,31760.34
40.2,5.27,8.87,1071.838
164.3,3.51,8.08,2932.6
975.7,3.87,8.4,21776.98
541.6,4.77,8.65,14341.126
7.3,5.34,9.85,202.278
468.2,3.57,8.41,10259.83
3021.3,3.9,8.41,70583.894
242,3.9,8.46,5783.18
1182.4,3.92,8.31,24852.87
35,4.37,8.59,836.94
84.9,5.18,8.47,1960.64
20.3,3.86,8.9,486.7
900.4,3.85,8.47,20027.45
530,4.06,8.89,12373.29
1303.6,3.56,8.31,27628.91
2634.1,3.72,8.5,60322.3
73.5,3.72,8.62,1808.41
36.7,3.42,8.55,812.03
83.3,3.2,8.09,1454.53
56.3,3.95,8.3,982.7
70.1,3.48,8.11,1210.12
463.3,3.52,8.34,9408.25
385,3.75,8.36,7597.5
841.9,3.55,8.63,18197.09
359.7,3.81,8.31,7203.16
124.5,4.42,8.42,2689.14
101.3,3.44,8.34,2103.64
809.3,3.51,8.44,18321.6
43.1,3.97,9.1,1061.55
525.9,3.25,8.34,9691.895
1361.7,3.43,8.25,25446.99
67.1,5.58,8.37,1731.753
2777.3,3.84,8.15,55430.5
305.2,3.7,8.31,6433.14
1364.6,3.88,8.27,27828.78
797.1,5.59,8.94,22505.534
369.7,3.42,8.17,7017.73
2132.7,3.45,8.43,47206.9
1033.2,3.5,8.38,22478.51
623.7,5.64,8.57,18158.533
115.9,6.97,8.76,3965.656
243.1,3.48,8.65,5609.32
67.7,7.66,9.72,2621.384
62.4,3.91,8.32,1340.21
105.9,4.24,8.5,2459.12
248.6,3.91,8.48,5387.5
62.3,3.52,8.43,1304.24
945.1,3.78,8.55,22224.62
482.3,3.43,8.42,10595.42
152.1,3.59,8.45,3412.54
17.4,3.69,8.56,436.01
8.3,3.86,8.4,190.67
656.9,3.54,8.5,16366.77
11.1,6.44,8.8,411.03
3949.9,4.73,8.63,94342.09
755,7.85,8.93,32871.879
31.4,8.51,9,1571.26
271.1,5.7,8.26,7246.921
15232.4,3.85,8.4,344509.35
85.2,7.36,8.96,3660.341
621.8,8.06,8.92,27230.935
21.8,8.18,8.71,1029.49
922.7,5.91,8.72,30262.753
26.3,5.17,8.53,708.879
639.4,3.72,8.33,12830.67
76.6,6.14,9,2667.035
46.7,3.39,8.26,917.48
2405.4,3.84,8.47,53287.765
689.8,5.9,8.84,22485.757
2169.1,3.62,8.53,44391.705
7290.6,3.69,8.32,153888.659
849.6,6.43,8.94,28844.352
1797.6,3.62,8.21,34960.19
25.6,8.51,8.7,998.74
1188.5,4.08,8.41,25856.045
150.1,3.54,8.25,3127.95
12699.2,4.96,8.62,342423.391
14122.1,4.96,8.62,379128.454
11585.9,4.51,8.57,282091.867
28960.5,3.7,8.41,659750.034
6665.2,3.58,8.17,131522.99
128.1,3.53,8.51,3207.71
52097.9,3.51,8.47,1115331.89
1859.1,4.8,8.45,44535.601
74.9,3.49,8.5,1455.25
26.5,4.39,8.48,559.61
392,3.72,8.28,7514.725
1043.1,3.53,8.29,19684.85
321.4,7.02,8.61,10985.854
320.9,3.5,8.31,5862.558
997.6,7.45,8.95,37971.277
3708.2,3.78,8.33,77751.105
4225.9,3.56,8.06,76070.17
149.9,3.39,8.27,2756.61
2106.9,3.54,8.29,43837.085
253,5.42,8.08,6886.259
9152.3,3.57,8.55,214971.356
1237.9,3.46,8.7,27170.58
225,4.33,8.48,5643.75
593.5,3.59,8.47,13425.4
116.3,6.53,8.8,3807.315
241.9,4.67,8.33,5548.35
298.5,4.38,8.55,6913.31
436.3,4.23,8.6,10457.852
589.2,3.66,8.52,13104.28
405.2,3.74,8.26,8017.91
739.9,3.44,8.36,15754.66
99.2,3.74,8.51,2395.08
222.3,3.5,8.39,4738.42
319.6,3.53,8.46,6671.26
1056.7,3.46,8.4,22471.53
1372.6,3.64,8.41,28470.44
932.5,3.64,8.35,19385.68
210.9,4.07,8.43,4502.16
123.1,3.36,8.58,2397.28
1690.9,3.9,8.64,37979.61
4490.9,3.69,8.42,95624.509
2181.9,3.95,8.46,51518.19
14.4,4.72,8.41,343.97
1395.9,3.87,8.32,29036.85
61.8,6.99,8.6,2116.222
602.5,4.47,8.65,15125.481
5078.6,3.69,8.62,128116.23
83,7.54,9.03,3212.896
394.4,3.65,8.47,9357.72
280.5,6.22,8.62,6968.082
821.9,3.6,8.61,17809.04
1331.3,3.82,8.39,31805.72
1983.8,3.59,8.41,43680.56
1345.4,3.72,8.88,32083.79
1371.2,3.63,8.45,31202.95
5673.7,3.59,8.48,133437.46
1101,3.6,8.42,22819.86
2262,3.68,8.42,50792.94
196.3,3.97,8.6,4740.77
1051.9,3.67,8.6,22833.3
75.4,3.49,8.52,1573.79
562.1,3.85,8.43,12383.27
450,3.84,8.49,10047.64
182.7,3.41,8.4,3930.65
1161.7,6.18,8.88,36039.208
251.7,4.96,8.21,6628.709
137.5,7.25,8.96,5553.764
1312.5,5.14,8.56,32700.245
4643.9,3.5,8.13,90222.13
117.7,7.28,8.7,4616.064
2691.2,3.97,8.31,55110.404
758.8,6.42,8.98,27109.565
76.9,3.81,8.48,1777.9
545.7,5.6,8.65,16011.347
31,7.23,8.96,1281.731
10124.9,3.38,8.27,204112.06
261.9,4.03,8.06,5304
505.5,7.27,8.73,19325.727
22.4,7.91,8.93,957.542
15175,4.82,8.6,399321.485
13924.4,4.96,8.63,375777.89
63.2,2.93,8.32,1075.66
197.7,5.06,8.58,4771.65
1037.1,4.16,8.3,21865.544
502.9,3.44,8.7,9473.04
576.5,3.3,8.43,10383.81
786.4,3.88,8.27,15466.08
226.5,3.23,7.58,3084.31
1640,3.34,8.32,32879.79
965.6,3.69,8.35,20313.333
3224.4,3.59,8.25,66931.99
89.5,3.53,8.12,1468.28
1707.1,3.26,8.17,29270.33
638.4,3.57,8.1,11596.555
988.2,3.44,8.05,17131.86
97.1,7.84,9.04,3923.458
1620.3,4.55,8.37,36518.26
282.6,6.29,9.31,9068.91
1226.9,6.13,9.04,38788.544
263.2,7.57,9.02,9904.744
48.3,6.29,8.24,1409.749
58.2,3.05,8.58,900.295
312,3.75,8.41,7132.73
2753.6,3.81,8.44,62455.31
1604.6,3.69,8.22,30603.46
15405.7,3.95,8.46,355480.955
832.5,3.78,8.25,17132.13
7157.1,3.43,8.17,142769.96
205.3,5.8,8.47,6220.25
1296.9,5.45,8.71,39864.908
12728.5,3.5,8.55,285613.295
1174.4,7.03,8.9,45118.62
8504.8,3.29,8.49,165072.445
323.5,2.96,7.65,5376.29
9521.6,3.54,8.62,219914.455
108.1,7.36,8.98,3901.931
646.5,7.18,8.94,24601.574
36.4,4.58,8.29,933.84
990.9,3.58,8.35,20299.71
860.7,6.34,8.79,28725.256
2272.3,5.05,8.41,55269.8
39.4,4.59,8.54,914.29
1332.5,4.71,8.53,36245.866
592.8,7.48,8.89,24734.61
12031.5,4.17,8.58,280030.452
684.2,7.63,8.87,27649.722
130.8,6.04,8.93,4412.709
345.5,7.88,8.99,15277.163
695.8,6.01,8.93,23121.374
72.6,3.04,8.67,1472.865
25.5,5.86,8.73,797.673
4641,3.64,8.81,105161.87
137.2,6.24,9,4800.158
574.5,3.45,8.22,10554.07
248.3,6.49,8.73,8274.943
976.5,3.59,8.38,20281.105
436.1,4.34,8.39,9265.261
1249.6,3.33,8.26,23064.59
7410.3,4.82,8.6,187252.35
32.1,3.18,7.95,495.04
3149.1,3.46,8.45,71543.44
822.2,4.55,8.54,19604.99
2338,3.38,8.32,49168.42
4547.5,3.53,8.48,105547.77
2713.8,3.56,8.54,61799.89
1193.2,3.41,8.44,24282.17
587.3,3.88,8.58,12539.57
15.9,3.45,8.48,290.53
2859.1,3.63,8.4,59280.8
3799.6,3.55,8.27,81374.17
3223,3.7,8.1,62683.615
442.4,3.99,8.42,10498.42
23.5,6.68,8.08,876.41
5042.2,3.62,8.41,116226.62
350.9,3.63,8.52,7574.555
84.2,5.29,8.74,2256.93
20832,3.55,8.44,459211.42
472.7,3.2,8.26,7848.59
8002.8,4.02,8.47,176814.372
3941.9,5.28,8.65,112036.794
772.7,3.57,8.37,17424.85
1290.1,3.87,8.37,26258.115
2243.8,3.65,8.27,44792.57
3640.8,3.41,8.23,71434.88
2479.3,4,8.53,62096.065
991.5,4.58,8.51,25896.522
34.6,3.88,7.78,677.16
14.7,4.68,8.07,341.67
4809.4,3.27,8.2,87472.455
1137.8,4.94,8.46,27460.81
1778,3.73,8.45,41672.691
58.4,5.66,8.76,1875.295
189,8.31,9.02,8876.467
8467.1,4.15,8.62,190664.535
754.1,3.43,8.36,14215.65
659.3,3.65,8.09,11709.011
31.8,6.37,9,1133.722
845.9,6.6,9.05,28739.022
3806.6,4.88,8.65,95463.548
460.3,3.91,8.17,8849.329
1494,5.1,8.41,39001.564
4281.3,3.53,8.3,86765.84
2113.8,2.65,8.23,28720.47
647.3,2.99,7.94,10139.91
719.3,3.65,8.1,13411.27
51.9,3.91,8.05,987.06
1163.7,5.83,8.73,35044.869
63.1,4.23,8.68,1520.73
1737.9,4.5,8.56,43027.119
11,4.18,8.42,259.6
145.5,6.86,8.92,4885.543
548.2,3.62,8.28,10854.84
521.3,5.43,8.68,13371.58
1969.6,3.74,8.59,47395.19
197.8,5.9,8.95,5251.526
260.7,4.82,8.9,6449.38
603.8,3.54,8.39,12741.99
1586.7,3.7,8.52,35459.69
303,3.75,8.47,7009.35
359.6,3.22,8.31,7053.89
181.2,4.27,8.54,4284.88
1139.2,3.36,8.56,24641.21
131.7,5.45,8.54,3050.07
178.9,3.43,8.32,3572.78
31,3.65,8.34,566.72
559.7,3.53,8.38,12198.97
189,3.33,8.4,3981.41
16.5,3.51,8.37,309.92
798.6,8.07,9.08,32707.798
28,3.98,7.96,471.6
354,7.04,8.87,12487.86
447.6,3.75,8.41,9415.53
1169.4,3.59,8.5,25765.43
843.6,3.85,8.51,20256.78
3819.9,3.86,8.44,92658.774
882.6,3.72,8.49,19363.63
366.2,4.14,8.44,8732.974
205.6,5.38,9.12,5610.617
239.2,6.28,8.9,7099.161
287.8,6.89,8.83,9958.208
298.1,3.65,8.45,7017.04
1445.3,3.67,8.4,32310.188
70.6,3.86,8.42,1655.29
4404.5,3.64,8.6,106665.34
313.8,3.81,8.6,6723.572
3581.6,3.75,8.58,83926.02
121,3.8,8.55,2692.94
2,3.5,8.6,50.2
273.7,3.44,8.67,5884.01
665.9,4.29,8.55,16089.95
461.7,3.56,8.28,9333.78
744.7,3.35,8.67,16395.01
1089.9,3.46,8.55,24486.65
1157.4,3.62,8.44,25334.35
671.5,3.57,8.36,13854.94
439.9,3.79,8.44,9822.43
25.2,3.95,8.52,630.81
89.8,3.55,8.49,2189.97
781.8,3.69,8.3,16355.666
176.3,2.76,8.3,2843.51
128.6,4.14,8.19,2740.78
8944.2,3.82,8.4,200228.095
2530.2,4.1,8.49,57866.935
6848.8,3.33,8.17,125576.74
61.4,7.87,8.8,2602.567
166.6,4.56,9.01,3981.486
9902.2,3.46,8.08,192992.44
134.3,5.2,8.74,3649.097
354.8,8,8.74,14369.553
35944.5,3.5,8.54,831311.605
4070,3.5,8.33,79277.715
100.2,6.42,8.93,3633.587
365.5,3.6,8.28,7617.54
604,7.54,8.97,25108.826
266.3,5.05,8.37,7355.426
185.7,3.65,8.12,3746.44
1965.4,3.54,8.42,40228.705
813.3,6.62,8.97,31282.392
282.7,5.16,8.71,8349.742
2010.8,4.1,8.39,42181.35
2522.6,6.33,8.87,91243.622
1451.1,4.06,8.49,32334.218
174.3,6.08,8.6,5567.503
1318.9,3.84,8.21,25189.585
420.6,3.87,8.48,9078.92
251,7.22,8.52,9389.549
254.7,3.09,8.1,4504.865
2864.5,3.45,8.42,63934.25
17581.7,3.62,8.37,391467.415
3868.6,3.43,8.29,75349.97
604,8.02,9.14,25543.79
1987.5,4.1,8.53,46852.76
2273.9,4.73,8.46,50774.98
1164.3,3.48,8.55,23739.29
1948.4,5.17,8.55,54567.565
973.8,3.92,8.76,21580.174
478.4,4.95,8.8,11129.762
506.7,6.38,8.9,15938.524
134.8,3.55,8.32,2393.36
388,3.53,8.11,6971.3
252.8,3.46,8.12,4204.6
1874.6,3.6,8.32,39821.88
6868.5,3.9,8.45,159607.91
252.7,3.89,8.36,4985.845
299.7,4.46,8.5,6237.67
269.8,3.28,7.78,3773.81
18.4,2.73,7.61,211.5
15.5,5.97,8.37,463.706
829,3.9,8.48,19521.15
1761.5,3.42,8.46,39620.09
1456.9,3.45,8.5,33025.68
339.4,5.45,8.59,10280.928
1192.5,4.18,8.59,28210.58
149.5,7.09,8.92,5208.387
420.7,4.84,8.59,10281.345
1113,3.86,8.5,25279.03
135.2,6.12,9.09,4188.02
595.6,3.64,8.34,12582.21
4145.5,3.47,8.41,93308.84
553.7,4.51,8.46,13395.64
482.8,3.48,8.47,10412.67
302.4,3.7,8.54,6852.14
98.8,3.95,8.42,2088.9
262.6,4.92,8.5,5814.46
387.4,3.34,8.46,8852.83
130.5,3.31,8.38,2761
51.6,3.49,8.33,1193.52
366.4,3.09,8.32,6234.965
153.9,4.07,8.44,3146.835
1.1,5.7,8.4,30.932
330.5,3.37,8.23,6779.52
310.6,6.26,8.95,10091.086
114.9,3.42,8.4,2581.53
65.5,3.21,8.37,1385.17
8098.8,3.8,8.39,189452.356
1325.7,3.88,8.54,33227.733
884.7,4.02,8.64,20683.87
567.9,3.78,8.37,13033.11
285,4.03,8.29,5973.55
1107.2,3.52,8.58,24143.5
1641.5,3.45,8.47,39805.72
265.7,3.59,8.31,5278.57
443.4,3.69,8.49,9215.64
517.4,3.49,8.3,9941.8
197.7,3.47,8.47,4079.77
2741.6,3.41,8.49,63984.1
19,7.35,8.98,508.66
134.4,3.51,8.47,3304.11
198.1,3.37,8.05,3290.69
2288.7,3.65,8.59,49478.79
7900.1,4.76,8.58,198262.252
24.5,3.6,8.34,458.5
834.8,3.91,8.49,19519.26
1005.9,6.94,9.53,35559.906
1449.3,3.42,8.28,28335.09
5273.1,3.97,8.63,126250.51
85,3.43,7.68,1211.98
959.9,4.1,8.59,22670.29
41.9,6.2,9.34,1321.223
2516.3,4.52,8.37,57126.96
1876.9,3.91,8.44,43255.96
724.8,4.07,8.5,17261.19
1996.2,3.61,8.32,42973.45
233.4,4.39,8.58,5787.72
1266.5,3.53,8.92,29939.76
342.6,3.58,8.42,7144.87
1765.4,3.55,8.53,42012.96
97.6,7.39,9.55,3272.567
389.5,3.94,8.51,9149.94
930.4,4.8,8.54,22038.79
1087.5,3.74,8.67,24917.07
1470.7,3.64,8.54,33915.73
410,3.47,8.43,9395.43
1086.7,4.55,8.52,25887.01
456.5,3.99,8.44,10189.24
370,4.19,8.4,7670.28
324.5,5.02,8.86,8332.88
221.7,3.72,8.36,4397.03
310,3.8,8.49,6893.56
408.9,3.62,8.35,8555.47
327.3,3.21,8.25,5957.98
89.6,3.63,8.46,1858.56
53,3.31,8.37,1101.24
114.5,3.49,8.37,2520.17
54.6,3.4,8.35,1143.21
22.8,3.31,8.33,519.05
